0,business
1,business
2,business
3,business
4,business
5,business
6,business
7,business
8,business
9,business
10,business
11,business
12,business
13,business
14,business
15,business
16,business
17,business
18,business
19,business
20,business
21,business
22,business
23,business
24,business
25,business
26,business
27,business
28,business
29,business
30,business
31,business
32,business
33,business
34,business
35,business
36,business
37,business
38,business
39,business
40,business
41,business
42,business
43,business
44,business
45,business
46,business
47,business
48,business
49,business
50,business
51,business
52,business
53,business
54,business
55,business
56,business
57,business
58,business
59,business
60,business
61,business
62,business
63,business
64,business
65,business
66,business
67,business
68,business
69,business
70,business
71,business
72,business
73,business
74,business
75,business
76,business
77,business
78,business
79,business
80,business
81,business
82,business
83,business
84,business
85,business
86,business
87,business
88,business
89,business
90,business
91,business
92,business
93,business
94,business
95,business
96,business
97,business
98,business
99,business
100,business
101,business
102,business
103,business
104,business
105,business
106,business
107,business
108,business
109,business
110,business
111,business
112,business
113,business
114,business
115,business
116,business
117,business
118,business
119,business
120,business
121,business
122,business
123,business
124,business
125,business
126,business
127,business
128,business
129,business
130,business
131,business
132,business
133,business
134,business
135,business
136,business
137,business
138,business
139,business
140,business
141,business
142,business
143,business
144,business
145,business
146,business
147,business
148,business
149,business
150,business
151,business
152,business
153,business
154,business
155,business
156,business
157,business
158,business
159,business
160,business
161,business
162,business
163,business
164,business
165,business
166,business
167,business
168,business
169,business
170,business
171,business
172,business
173,business
174,business
175,business
176,business
177,business
178,business
179,business
180,business
181,business
182,business
183,business
184,business
185,business
186,business
187,business
188,business
189,business
190,business
191,business
192,business
193,business
194,business
195,business
196,business
197,business
198,business
199,business
200,business
201,business
202,business
203,business
204,business
205,business
206,business
207,business
208,business
209,business
210,business
211,business
212,business
213,business
214,business
215,business
216,business
217,business
218,business
219,business
220,business
221,business
222,business
223,business
224,business
225,business
226,business
227,business
228,business
229,business
230,business
231,business
232,business
233,business
234,business
235,business
236,business
237,business
238,business
239,business
240,business
241,business
242,business
243,business
244,business
245,business
246,business
247,business
248,business
249,business
250,business
251,business
252,business
253,business
254,business
255,business
256,business
257,business
258,business
259,business
260,business
261,business
262,business
263,business
264,business
265,business
266,business
267,business
268,business
269,business
270,business
271,business
272,business
273,business
274,business
275,business
276,business
277,business
278,business
279,business
280,business
281,business
282,business
283,business
284,business
285,business
286,business
287,business
288,business
289,business
290,business
291,business
292,business
293,business
294,business
295,business
296,business
297,business
298,business
299,business
300,business
301,business
302,business
303,business
304,business
305,business
306,business
307,business
308,business
309,business
310,business
311,business
312,business
313,business
314,business
315,business
316,business
317,business
318,business
319,business
320,business
321,business
322,business
323,business
324,business
325,business
326,business
327,business
328,business
329,business
330,business
331,business
332,business
333,business
334,business
335,business
336,business
337,business
338,business
339,business
340,business
341,business
342,business
343,business
344,business
345,business
346,business
347,business
348,business
349,business
350,business
351,business
352,business
353,business
354,business
355,business
356,business
357,business
358,business
359,business
360,business
361,business
362,business
363,business
364,business
365,business
366,business
367,business
368,business
369,business
370,business
371,business
372,business
373,business
374,business
375,business
376,business
377,business
378,business
379,business
380,business
381,business
382,business
383,business
384,business
385,business
386,business
387,business
388,business
389,business
390,business
391,business
392,business
393,business
394,business
395,business
396,business
397,business
398,business
399,business
400,business
401,business
402,business
403,business
404,business
405,business
406,business
407,business
408,business
409,business
410,business
411,business
412,business
413,business
414,business
415,business
416,business
417,business
418,business
419,business
420,business
421,business
422,business
423,business
424,business
425,business
426,business
427,business
428,business
429,business
430,business
431,business
432,business
433,business
434,business
435,business
436,business
437,business
438,business
439,business
440,business
441,business
442,business
443,business
444,business
445,business
446,business
447,business
448,business
449,business
450,business
451,business
452,business
453,business
454,business
455,business
456,business
457,business
458,business
459,business
460,business
461,business
462,business
463,business
464,business
465,business
466,business
467,business
468,business
469,business
470,business
471,business
472,business
473,business
474,business
475,business
476,business
477,business
478,business
479,business
480,business
481,business
482,business
483,business
484,business
485,business
486,business
487,business
488,business
489,business
490,business
491,business
492,business
493,business
494,business
495,business
496,business
497,business
498,business
499,business
500,business
501,business
502,business
503,business
504,business
505,business
506,business
507,business
508,business
509,business
510,entertainment
511,entertainment
512,entertainment
513,entertainment
514,entertainment
515,entertainment
516,entertainment
517,entertainment
518,entertainment
519,entertainment
520,entertainment
521,entertainment
522,entertainment
523,entertainment
524,entertainment
525,entertainment
526,entertainment
527,entertainment
528,entertainment
529,entertainment
530,entertainment
531,entertainment
532,entertainment
533,entertainment
534,entertainment
535,entertainment
536,entertainment
537,entertainment
538,entertainment
539,entertainment
540,entertainment
541,entertainment
542,entertainment
543,entertainment
544,entertainment
545,entertainment
546,entertainment
547,entertainment
548,entertainment
549,entertainment
550,entertainment
551,entertainment
552,entertainment
553,entertainment
554,entertainment
555,entertainment
556,entertainment
557,entertainment
558,entertainment
559,entertainment
560,entertainment
561,entertainment
562,entertainment
563,entertainment
564,entertainment
565,entertainment
566,entertainment
567,entertainment
568,entertainment
569,entertainment
570,entertainment
571,entertainment
572,entertainment
573,entertainment
574,entertainment
575,entertainment
576,entertainment
577,entertainment
578,entertainment
579,entertainment
580,entertainment
581,entertainment
582,entertainment
583,entertainment
584,entertainment
585,entertainment
586,entertainment
587,entertainment
588,entertainment
589,entertainment
590,entertainment
591,entertainment
592,entertainment
593,entertainment
594,entertainment
595,entertainment
596,entertainment
597,entertainment
598,entertainment
599,entertainment
600,entertainment
601,entertainment
602,entertainment
603,entertainment
604,entertainment
605,entertainment
606,entertainment
607,entertainment
608,entertainment
609,entertainment
610,entertainment
611,entertainment
612,entertainment
613,entertainment
614,entertainment
615,entertainment
616,entertainment
617,entertainment
618,entertainment
619,entertainment
620,entertainment
621,entertainment
622,entertainment
623,entertainment
624,entertainment
625,entertainment
626,entertainment
627,entertainment
628,entertainment
629,entertainment
630,entertainment
631,entertainment
632,entertainment
633,entertainment
634,entertainment
635,entertainment
636,entertainment
637,entertainment
638,entertainment
639,entertainment
640,entertainment
641,entertainment
642,entertainment
643,entertainment
644,entertainment
645,entertainment
646,entertainment
647,entertainment
648,entertainment
649,entertainment
650,entertainment
651,entertainment
652,entertainment
653,entertainment
654,entertainment
655,entertainment
656,entertainment
657,entertainment
658,entertainment
659,entertainment
660,entertainment
661,entertainment
662,entertainment
663,entertainment
664,entertainment
665,entertainment
666,entertainment
667,entertainment
668,entertainment
669,entertainment
670,entertainment
671,entertainment
672,entertainment
673,entertainment
674,entertainment
675,entertainment
676,entertainment
677,entertainment
678,entertainment
679,entertainment
680,entertainment
681,entertainment
682,entertainment
683,entertainment
684,entertainment
685,entertainment
686,entertainment
687,entertainment
688,entertainment
689,entertainment
690,entertainment
691,entertainment
692,entertainment
693,entertainment
694,entertainment
695,entertainment
696,entertainment
697,entertainment
698,entertainment
699,entertainment
700,entertainment
701,entertainment
702,entertainment
703,entertainment
704,entertainment
705,entertainment
706,entertainment
707,entertainment
708,entertainment
709,entertainment
710,entertainment
711,entertainment
712,entertainment
713,entertainment
714,entertainment
715,entertainment
716,entertainment
717,entertainment
718,entertainment
719,entertainment
720,entertainment
721,entertainment
722,entertainment
723,entertainment
724,entertainment
725,entertainment
726,entertainment
727,entertainment
728,entertainment
729,entertainment
730,entertainment
731,entertainment
732,entertainment
733,entertainment
734,entertainment
735,entertainment
736,entertainment
737,entertainment
738,entertainment
739,entertainment
740,entertainment
741,entertainment
742,entertainment
743,entertainment
744,entertainment
745,entertainment
746,entertainment
747,entertainment
748,entertainment
749,entertainment
750,entertainment
751,entertainment
752,entertainment
753,entertainment
754,entertainment
755,entertainment
756,entertainment
757,entertainment
758,entertainment
759,entertainment
760,entertainment
761,entertainment
762,entertainment
763,entertainment
764,entertainment
765,entertainment
766,entertainment
767,entertainment
768,entertainment
769,entertainment
770,entertainment
771,entertainment
772,entertainment
773,entertainment
774,entertainment
775,entertainment
776,entertainment
777,entertainment
778,entertainment
779,entertainment
780,entertainment
781,entertainment
782,entertainment
783,entertainment
784,entertainment
785,entertainment
786,entertainment
787,entertainment
788,entertainment
789,entertainment
790,entertainment
791,entertainment
792,entertainment
793,entertainment
794,entertainment
795,entertainment
796,entertainment
797,entertainment
798,entertainment
799,entertainment
800,entertainment
801,entertainment
802,entertainment
803,entertainment
804,entertainment
805,entertainment
806,entertainment
807,entertainment
808,entertainment
809,entertainment
810,entertainment
811,entertainment
812,entertainment
813,entertainment
814,entertainment
815,entertainment
816,entertainment
817,entertainment
818,entertainment
819,entertainment
820,entertainment
821,entertainment
822,entertainment
823,entertainment
824,entertainment
825,entertainment
826,entertainment
827,entertainment
828,entertainment
829,entertainment
830,entertainment
831,entertainment
832,entertainment
833,entertainment
834,entertainment
835,entertainment
836,entertainment
837,entertainment
838,entertainment
839,entertainment
840,entertainment
841,entertainment
842,entertainment
843,entertainment
844,entertainment
845,entertainment
846,entertainment
847,entertainment
848,entertainment
849,entertainment
850,entertainment
851,entertainment
852,entertainment
853,entertainment
854,entertainment
855,entertainment
856,entertainment
857,entertainment
858,entertainment
859,entertainment
860,entertainment
861,entertainment
862,entertainment
863,entertainment
864,entertainment
865,entertainment
866,entertainment
867,entertainment
868,entertainment
869,entertainment
870,entertainment
871,entertainment
872,entertainment
873,entertainment
874,entertainment
875,entertainment
876,entertainment
877,entertainment
878,entertainment
879,entertainment
880,entertainment
881,entertainment
882,entertainment
883,entertainment
884,entertainment
885,entertainment
886,entertainment
887,entertainment
888,entertainment
889,entertainment
890,entertainment
891,entertainment
892,entertainment
893,entertainment
894,entertainment
895,entertainment
896,politics
897,politics
898,politics
899,politics
900,politics
901,politics
902,politics
903,politics
904,politics
905,politics
906,politics
907,politics
908,politics
909,politics
910,politics
911,politics
912,politics
913,politics
914,politics
915,politics
916,politics
917,politics
918,politics
919,politics
920,politics
921,politics
922,politics
923,politics
924,politics
925,politics
926,politics
927,politics
928,politics
929,politics
930,politics
931,politics
932,politics
933,politics
934,politics
935,politics
936,politics
937,politics
938,politics
939,politics
940,politics
941,politics
942,politics
943,politics
944,politics
945,politics
946,politics
947,politics
948,politics
949,politics
950,politics
951,politics
952,politics
953,politics
954,politics
955,politics
956,politics
957,politics
958,politics
959,politics
960,politics
961,politics
962,politics
963,politics
964,politics
965,politics
966,politics
967,politics
968,politics
969,politics
970,politics
971,politics
972,politics
973,politics
974,politics
975,politics
976,politics
977,politics
978,politics
979,politics
980,politics
981,politics
982,politics
983,politics
984,politics
985,politics
986,politics
987,politics
988,politics
989,politics
990,politics
991,politics
992,politics
993,politics
994,politics
995,politics
996,politics
997,politics
998,politics
999,politics
1000,politics
1001,politics
1002,politics
1003,politics
1004,politics
1005,politics
1006,politics
1007,politics
1008,politics
1009,politics
1010,politics
1011,politics
1012,politics
1013,politics
1014,politics
1015,politics
1016,politics
1017,politics
1018,politics
1019,politics
1020,politics
1021,politics
1022,politics
1023,politics
1024,politics
1025,politics
1026,politics
1027,politics
1028,politics
1029,politics
1030,politics
1031,politics
1032,politics
1033,politics
1034,politics
1035,politics
1036,politics
1037,politics
1038,politics
1039,politics
1040,politics
1041,politics
1042,politics
1043,politics
1044,politics
1045,politics
1046,politics
1047,politics
1048,politics
1049,politics
1050,politics
1051,politics
1052,politics
1053,politics
1054,politics
1055,politics
1056,politics
1057,politics
1058,politics
1059,politics
1060,politics
1061,politics
1062,politics
1063,politics
1064,politics
1065,politics
1066,politics
1067,politics
1068,politics
1069,politics
1070,politics
1071,politics
1072,politics
1073,politics
1074,politics
1075,politics
1076,politics
1077,politics
1078,politics
1079,politics
1080,politics
1081,politics
1082,politics
1083,politics
1084,politics
1085,politics
1086,politics
1087,politics
1088,politics
1089,politics
1090,politics
1091,politics
1092,politics
1093,politics
1094,politics
1095,politics
1096,politics
1097,politics
1098,politics
1099,politics
1100,politics
1101,politics
1102,politics
1103,politics
1104,politics
1105,politics
1106,politics
1107,politics
1108,politics
1109,politics
1110,politics
1111,politics
1112,politics
1113,politics
1114,politics
1115,politics
1116,politics
1117,politics
1118,politics
1119,politics
1120,politics
1121,politics
1122,politics
1123,politics
1124,politics
1125,politics
1126,politics
1127,politics
1128,politics
1129,politics
1130,politics
1131,politics
1132,politics
1133,politics
1134,politics
1135,politics
1136,politics
1137,politics
1138,politics
1139,politics
1140,politics
1141,politics
1142,politics
1143,politics
1144,politics
1145,politics
1146,politics
1147,politics
1148,politics
1149,politics
1150,politics
1151,politics
1152,politics
1153,politics
1154,politics
1155,politics
1156,politics
1157,politics
1158,politics
1159,politics
1160,politics
1161,politics
1162,politics
1163,politics
1164,politics
1165,politics
1166,politics
1167,politics
1168,politics
1169,politics
1170,politics
1171,politics
1172,politics
1173,politics
1174,politics
1175,politics
1176,politics
1177,politics
1178,politics
1179,politics
1180,politics
1181,politics
1182,politics
1183,politics
1184,politics
1185,politics
1186,politics
1187,politics
1188,politics
1189,politics
1190,politics
1191,politics
1192,politics
1193,politics
1194,politics
1195,politics
1196,politics
1197,politics
1198,politics
1199,politics
1200,politics
1201,politics
1202,politics
1203,politics
1204,politics
1205,politics
1206,politics
1207,politics
1208,politics
1209,politics
1210,politics
1211,politics
1212,politics
1213,politics
1214,politics
1215,politics
1216,politics
1217,politics
1218,politics
1219,politics
1220,politics
1221,politics
1222,politics
1223,politics
1224,politics
1225,politics
1226,politics
1227,politics
1228,politics
1229,politics
1230,politics
1231,politics
1232,politics
1233,politics
1234,politics
1235,politics
1236,politics
1237,politics
1238,politics
1239,politics
1240,politics
1241,politics
1242,politics
1243,politics
1244,politics
1245,politics
1246,politics
1247,politics
1248,politics
1249,politics
1250,politics
1251,politics
1252,politics
1253,politics
1254,politics
1255,politics
1256,politics
1257,politics
1258,politics
1259,politics
1260,politics
1261,politics
1262,politics
1263,politics
1264,politics
1265,politics
1266,politics
1267,politics
1268,politics
1269,politics
1270,politics
1271,politics
1272,politics
1273,politics
1274,politics
1275,politics
1276,politics
1277,politics
1278,politics
1279,politics
1280,politics
1281,politics
1282,politics
1283,politics
1284,politics
1285,politics
1286,politics
1287,politics
1288,politics
1289,politics
1290,politics
1291,politics
1292,politics
1293,politics
1294,politics
1295,politics
1296,politics
1297,politics
1298,politics
1299,politics
1300,politics
1301,politics
1302,politics
1303,politics
1304,politics
1305,politics
1306,politics
1307,politics
1308,politics
1309,politics
1310,politics
1311,politics
1312,politics
1313,sport
1314,sport
1315,sport
1316,sport
1317,sport
1318,sport
1319,sport
1320,sport
1321,sport
1322,sport
1323,sport
1324,sport
1325,sport
1326,sport
1327,sport
1328,sport
1329,sport
1330,sport
1331,sport
1332,sport
1333,sport
1334,sport
1335,sport
1336,sport
1337,sport
1338,sport
1339,sport
1340,sport
1341,sport
1342,sport
1343,sport
1344,sport
1345,sport
1346,sport
1347,sport
1348,sport
1349,sport
1350,sport
1351,sport
1352,sport
1353,sport
1354,sport
1355,sport
1356,sport
1357,sport
1358,sport
1359,sport
1360,sport
1361,sport
1362,sport
1363,sport
1364,sport
1365,sport
1366,sport
1367,sport
1368,sport
1369,sport
1370,sport
1371,sport
1372,sport
1373,sport
1374,sport
1375,sport
1376,sport
1377,sport
1378,sport
1379,sport
1380,sport
1381,sport
1382,sport
1383,sport
1384,sport
1385,sport
1386,sport
1387,sport
1388,sport
1389,sport
1390,sport
1391,sport
1392,sport
1393,sport
1394,sport
1395,sport
1396,sport
1397,sport
1398,sport
1399,sport
1400,sport
1401,sport
1402,sport
1403,sport
1404,sport
1405,sport
1406,sport
1407,sport
1408,sport
1409,sport
1410,sport
1411,sport
1412,sport
1413,sport
1414,sport
1415,sport
1416,sport
1417,sport
1418,sport
1419,sport
1420,sport
1421,sport
1422,sport
1423,sport
1424,sport
1425,sport
1426,sport
1427,sport
1428,sport
1429,sport
1430,sport
1431,sport
1432,sport
1433,sport
1434,sport
1435,sport
1436,sport
1437,sport
1438,sport
1439,sport
1440,sport
1441,sport
1442,sport
1443,sport
1444,sport
1445,sport
1446,sport
1447,sport
1448,sport
1449,sport
1450,sport
1451,sport
1452,sport
1453,sport
1454,sport
1455,sport
1456,sport
1457,sport
1458,sport
1459,sport
1460,sport
1461,sport
1462,sport
1463,sport
1464,sport
1465,sport
1466,sport
1467,sport
1468,sport
1469,sport
1470,sport
1471,sport
1472,sport
1473,sport
1474,sport
1475,sport
1476,sport
1477,sport
1478,sport
1479,sport
1480,sport
1481,sport
1482,sport
1483,sport
1484,sport
1485,sport
1486,sport
1487,sport
1488,sport
1489,sport
1490,sport
1491,sport
1492,sport
1493,sport
1494,sport
1495,sport
1496,sport
1497,sport
1498,sport
1499,sport
1500,sport
1501,sport
1502,sport
1503,sport
1504,sport
1505,sport
1506,sport
1507,sport
1508,sport
1509,sport
1510,sport
1511,sport
1512,sport
1513,sport
1514,sport
1515,sport
1516,sport
1517,sport
1518,sport
1519,sport
1520,sport
1521,sport
1522,sport
1523,sport
1524,sport
1525,sport
1526,sport
1527,sport
1528,sport
1529,sport
1530,sport
1531,sport
1532,sport
1533,sport
1534,sport
1535,sport
1536,sport
1537,sport
1538,sport
1539,sport
1540,sport
1541,sport
1542,sport
1543,sport
1544,sport
1545,sport
1546,sport
1547,sport
1548,sport
1549,sport
1550,sport
1551,sport
1552,sport
1553,sport
1554,sport
1555,sport
1556,sport
1557,sport
1558,sport
1559,sport
1560,sport
1561,sport
1562,sport
1563,sport
1564,sport
1565,sport
1566,sport
1567,sport
1568,sport
1569,sport
1570,sport
1571,sport
1572,sport
1573,sport
1574,sport
1575,sport
1576,sport
1577,sport
1578,sport
1579,sport
1580,sport
1581,sport
1582,sport
1583,sport
1584,sport
1585,sport
1586,sport
1587,sport
1588,sport
1589,sport
1590,sport
1591,sport
1592,sport
1593,sport
1594,sport
1595,sport
1596,sport
1597,sport
1598,sport
1599,sport
1600,sport
1601,sport
1602,sport
1603,sport
1604,sport
1605,sport
1606,sport
1607,sport
1608,sport
1609,sport
1610,sport
1611,sport
1612,sport
1613,sport
1614,sport
1615,sport
1616,sport
1617,sport
1618,sport
1619,sport
1620,sport
1621,sport
1622,sport
1623,sport
1624,sport
1625,sport
1626,sport
1627,sport
1628,sport
1629,sport
1630,sport
1631,sport
1632,sport
1633,sport
1634,sport
1635,sport
1636,sport
1637,sport
1638,sport
1639,sport
1640,sport
1641,sport
1642,sport
1643,sport
1644,sport
1645,sport
1646,sport
1647,sport
1648,sport
1649,sport
1650,sport
1651,sport
1652,sport
1653,sport
1654,sport
1655,sport
1656,sport
1657,sport
1658,sport
1659,sport
1660,sport
1661,sport
1662,sport
1663,sport
1664,sport
1665,sport
1666,sport
1667,sport
1668,sport
1669,sport
1670,sport
1671,sport
1672,sport
1673,sport
1674,sport
1675,sport
1676,sport
1677,sport
1678,sport
1679,sport
1680,sport
1681,sport
1682,sport
1683,sport
1684,sport
1685,sport
1686,sport
1687,sport
1688,sport
1689,sport
1690,sport
1691,sport
1692,sport
1693,sport
1694,sport
1695,sport
1696,sport
1697,sport
1698,sport
1699,sport
1700,sport
1701,sport
1702,sport
1703,sport
1704,sport
1705,sport
1706,sport
1707,sport
1708,sport
1709,sport
1710,sport
1711,sport
1712,sport
1713,sport
1714,sport
1715,sport
1716,sport
1717,sport
1718,sport
1719,sport
1720,sport
1721,sport
1722,sport
1723,sport
1724,sport
1725,sport
1726,sport
1727,sport
1728,sport
1729,sport
1730,sport
1731,sport
1732,sport
1733,sport
1734,sport
1735,sport
1736,sport
1737,sport
1738,sport
1739,sport
1740,sport
1741,sport
1742,sport
1743,sport
1744,sport
1745,sport
1746,sport
1747,sport
1748,sport
1749,sport
1750,sport
1751,sport
1752,sport
1753,sport
1754,sport
1755,sport
1756,sport
1757,sport
1758,sport
1759,sport
1760,sport
1761,sport
1762,sport
1763,sport
1764,sport
1765,sport
1766,sport
1767,sport
1768,sport
1769,sport
1770,sport
1771,sport
1772,sport
1773,sport
1774,sport
1775,sport
1776,sport
1777,sport
1778,sport
1779,sport
1780,sport
1781,sport
1782,sport
1783,sport
1784,sport
1785,sport
1786,sport
1787,sport
1788,sport
1789,sport
1790,sport
1791,sport
1792,sport
1793,sport
1794,sport
1795,sport
1796,sport
1797,sport
1798,sport
1799,sport
1800,sport
1801,sport
1802,sport
1803,sport
1804,sport
1805,sport
1806,sport
1807,sport
1808,sport
1809,sport
1810,sport
1811,sport
1812,sport
1813,sport
1814,sport
1815,sport
1816,sport
1817,sport
1818,sport
1819,sport
1820,sport
1821,sport
1822,sport
1823,sport
1824,tech
1825,tech
1826,tech
1827,tech
1828,tech
1829,tech
1830,tech
1831,tech
1832,tech
1833,tech
1834,tech
1835,tech
1836,tech
1837,tech
1838,tech
1839,tech
1840,tech
1841,tech
1842,tech
1843,tech
1844,tech
1845,tech
1846,tech
1847,tech
1848,tech
1849,tech
1850,tech
1851,tech
1852,tech
1853,tech
1854,tech
1855,tech
1856,tech
1857,tech
1858,tech
1859,tech
1860,tech
1861,tech
1862,tech
1863,tech
1864,tech
1865,tech
1866,tech
1867,tech
1868,tech
1869,tech
1870,tech
1871,tech
1872,tech
1873,tech
1874,tech
1875,tech
1876,tech
1877,tech
1878,tech
1879,tech
1880,tech
1881,tech
1882,tech
1883,tech
1884,tech
1885,tech
1886,tech
1887,tech
1888,tech
1889,tech
1890,tech
1891,tech
1892,tech
1893,tech
1894,tech
1895,tech
1896,tech
1897,tech
1898,tech
1899,tech
1900,tech
1901,tech
1902,tech
1903,tech
1904,tech
1905,tech
1906,tech
1907,tech
1908,tech
1909,tech
1910,tech
1911,tech
1912,tech
1913,tech
1914,tech
1915,tech
1916,tech
1917,tech
1918,tech
1919,tech
1920,tech
1921,tech
1922,tech
1923,tech
1924,tech
1925,tech
1926,tech
1927,tech
1928,tech
1929,tech
1930,tech
1931,tech
1932,tech
1933,tech
1934,tech
1935,tech
1936,tech
1937,tech
1938,tech
1939,tech
1940,tech
1941,tech
1942,tech
1943,tech
1944,tech
1945,tech
1946,tech
1947,tech
1948,tech
1949,tech
1950,tech
1951,tech
1952,tech
1953,tech
1954,tech
1955,tech
1956,tech
1957,tech
1958,tech
1959,tech
1960,tech
1961,tech
1962,tech
1963,tech
1964,tech
1965,tech
1966,tech
1967,tech
1968,tech
1969,tech
1970,tech
1971,tech
1972,tech
1973,tech
1974,tech
1975,tech
1976,tech
1977,tech
1978,tech
1979,tech
1980,tech
1981,tech
1982,tech
1983,tech
1984,tech
1985,tech
1986,tech
1987,tech
1988,tech
1989,tech
1990,tech
1991,tech
1992,tech
1993,tech
1994,tech
1995,tech
1996,tech
1997,tech
1998,tech
1999,tech
2000,tech
2001,tech
2002,tech
2003,tech
2004,tech
2005,tech
2006,tech
2007,tech
2008,tech
2009,tech
2010,tech
2011,tech
2012,tech
2013,tech
2014,tech
2015,tech
2016,tech
2017,tech
2018,tech
2019,tech
2020,tech
2021,tech
2022,tech
2023,tech
2024,tech
2025,tech
2026,tech
2027,tech
2028,tech
2029,tech
2030,tech
2031,tech
2032,tech
2033,tech
2034,tech
2035,tech
2036,tech
2037,tech
2038,tech
2039,tech
2040,tech
2041,tech
2042,tech
2043,tech
2044,tech
2045,tech
2046,tech
2047,tech
2048,tech
2049,tech
2050,tech
2051,tech
2052,tech
2053,tech
2054,tech
2055,tech
2056,tech
2057,tech
2058,tech
2059,tech
2060,tech
2061,tech
2062,tech
2063,tech
2064,tech
2065,tech
2066,tech
2067,tech
2068,tech
2069,tech
2070,tech
2071,tech
2072,tech
2073,tech
2074,tech
2075,tech
2076,tech
2077,tech
2078,tech
2079,tech
2080,tech
2081,tech
2082,tech
2083,tech
2084,tech
2085,tech
2086,tech
2087,tech
2088,tech
2089,tech
2090,tech
2091,tech
2092,tech
2093,tech
2094,tech
2095,tech
2096,tech
2097,tech
2098,tech
2099,tech
2100,tech
2101,tech
2102,tech
2103,tech
2104,tech
2105,tech
2106,tech
2107,tech
2108,tech
2109,tech
2110,tech
2111,tech
2112,tech
2113,tech
2114,tech
2115,tech
2116,tech
2117,tech
2118,tech
2119,tech
2120,tech
2121,tech
2122,tech
2123,tech
2124,tech
2125,tech
2126,tech
2127,tech
2128,tech
2129,tech
2130,tech
2131,tech
2132,tech
2133,tech
2134,tech
2135,tech
2136,tech
2137,tech
2138,tech
2139,tech
2140,tech
2141,tech
2142,tech
2143,tech
2144,tech
2145,tech
2146,tech
2147,tech
2148,tech
2149,tech
2150,tech
2151,tech
2152,tech
2153,tech
2154,tech
2155,tech
2156,tech
2157,tech
2158,tech
2159,tech
2160,tech
2161,tech
2162,tech
2163,tech
2164,tech
2165,tech
2166,tech
2167,tech
2168,tech
2169,tech
2170,tech
2171,tech
2172,tech
2173,tech
2174,tech
2175,tech
2176,tech
2177,tech
2178,tech
2179,tech
2180,tech
2181,tech
2182,tech
2183,tech
2184,tech
2185,tech
2186,tech
2187,tech
2188,tech
2189,tech
2190,tech
2191,tech
2192,tech
2193,tech
2194,tech
2195,tech
2196,tech
2197,tech
2198,tech
2199,tech
2200,tech
2201,tech
2202,tech
2203,tech
2204,tech
2205,tech
2206,tech
2207,tech
2208,tech
2209,tech
2210,tech
2211,tech
2212,tech
2213,tech
2214,tech
2215,tech
2216,tech
2217,tech
2218,tech
2219,tech
2220,tech
2221,tech
2222,tech
2223,tech
2224,tech
